Workbook

Sheet Summary
A1: Spot v1 test results (held-out data only)
A2: Calculated from the other tabs. Only rows marked Held-out = Yes are counted. Do not edit this tab.
A4: Measure | B4: Curl | C4: Raise | D4: Press
A5: R1 · held-out sets scored | B5: =COUNTIFS('R1 sets'!$D:$D,"curl",'R1 sets'!$M:$M,"Yes",'R1 sets'!$K:$K,"<>") -> 0 | C5: =COUNTIFS('R1 sets'!$D:$D,"raise",'R1 sets'!$M:$M,"Yes",'R1 sets'!$K:$K,"<>") -> 0 | D5: =COUNTIFS('R1 sets'!$D:$D,"press",'R1 sets'!$M:$M,"Yes",'R1 sets'!$K:$K,"<>") -> 0
A6: R1 · % of sets within ±1 (need ≥ 90%) | B6: =IFERROR(COUNTIFS('R1 sets'!$D:$D,"curl",'R1 sets'!$M:$M,"Yes",'R1 sets'!$K:$K,"Yes")/COUNTIFS('R1 sets'!$D:$D,"curl",'R1 sets'!$M:$M,"Yes",'R1 sets'!$K:$K,"<>"),"") | C6: =IFERROR(COUNTIFS('R1 sets'!$D:$D,"raise",'R1 sets'!$M:$M,"Yes",'R1 sets'!$K:$K,"Yes")/COUNTIFS('R1 sets'!$D:$D,"raise",'R1 sets'!$M:$M,"Yes",'R1 sets'!$K:$K,"<>"),"") | D6: =IFERROR(COUNTIFS('R1 sets'!$D:$D,"press",'R1 sets'!$M:$M,"Yes",'R1 sets'!$K:$K,"Yes")/COUNTIFS('R1 sets'!$D:$D,"press",'R1 sets'!$M:$M,"Yes",'R1 sets'!$K:$K,"<>"),"")
A7: R1 · sets outside ±2 (need 0) | B7: =COUNTIFS('R1 sets'!$D:$D,"curl",'R1 sets'!$M:$M,"Yes",'R1 sets'!$L:$L,"No") -> 0 | C7: =COUNTIFS('R1 sets'!$D:$D,"raise",'R1 sets'!$M:$M,"Yes",'R1 sets'!$L:$L,"No") -> 0 | D7: =COUNTIFS('R1 sets'!$D:$D,"press",'R1 sets'!$M:$M,"Yes",'R1 sets'!$L:$L,"No") -> 0
A8: R1 · PASS (≥ 27 sets, ≥ 90% within ±1, none outside ±2) | B8: =IF(B5=0,"—",IF(AND(B5>=27,B6>=0.9,B7=0),"PASS","FAIL")) -> — | C8: =IF(C5=0,"—",IF(AND(C5>=27,C6>=0.9,C7=0),"PASS","FAIL")) -> — | D8: =IF(D5=0,"—",IF(AND(D5>=27,D6>=0.9,D7=0),"PASS","FAIL")) -> —
A9: R4 · Spot mean absolute error | B9: =IFERROR(AVERAGEIFS('R1 sets'!$P:$P,'R1 sets'!$D:$D,"curl",'R1 sets'!$M:$M,"Yes",'R1 sets'!$O:$O,"<>"),"") | C9: =IFERROR(AVERAGEIFS('R1 sets'!$P:$P,'R1 sets'!$D:$D,"raise",'R1 sets'!$M:$M,"Yes",'R1 sets'!$O:$O,"<>"),"") | D9: =IFERROR(AVERAGEIFS('R1 sets'!$P:$P,'R1 sets'!$D:$D,"press",'R1 sets'!$M:$M,"Yes",'R1 sets'!$O:$O,"<>"),"")
A10: R4 · watch mean absolute error | B10: =IFERROR(AVERAGEIFS('R1 sets'!$O:$O,'R1 sets'!$D:$D,"curl",'R1 sets'!$M:$M,"Yes",'R1 sets'!$P:$P,"<>"),"") | C10: =IFERROR(AVERAGEIFS('R1 sets'!$O:$O,'R1 sets'!$D:$D,"raise",'R1 sets'!$M:$M,"Yes",'R1 sets'!$P:$P,"<>"),"") | D10: =IFERROR(AVERAGEIFS('R1 sets'!$O:$O,'R1 sets'!$D:$D,"press",'R1 sets'!$M:$M,"Yes",'R1 sets'!$P:$P,"<>"),"")
A11: R4 · PASS (Spot error lower than watch) | B11: =IF(OR(B9="",B10=""),"—",IF(B9<B10,"PASS","FAIL")) -> — | C11: =IF(OR(C9="",C10=""),"—",IF(C9<C10,"PASS","FAIL")) -> — | D11: =IF(OR(D9="",D10=""),"—",IF(D9<D10,"PASS","FAIL")) -> —
A12: R3 · rest periods scored | B12: =COUNTIFS('R3 rest'!$B:$B,"curl",'R3 rest'!$I:$I,"Yes",'R3 rest'!$J:$J,"No",'R3 rest'!$H:$H,"<>") -> 0 | C12: =COUNTIFS('R3 rest'!$B:$B,"raise",'R3 rest'!$I:$I,"Yes",'R3 rest'!$J:$J,"No",'R3 rest'!$H:$H,"<>") -> 0 | D12: =COUNTIFS('R3 rest'!$B:$B,"press",'R3 rest'!$I:$I,"Yes",'R3 rest'!$J:$J,"No",'R3 rest'!$H:$H,"<>") -> 0
A13: R3 · % within ±5 s (need ≥ 90%) | B13: =IFERROR(COUNTIFS('R3 rest'!$B:$B,"curl",'R3 rest'!$I:$I,"Yes",'R3 rest'!$J:$J,"No",'R3 rest'!$H:$H,"Yes")/COUNTIFS('R3 rest'!$B:$B,"curl",'R3 rest'!$I:$I,"Yes",'R3 rest'!$J:$J,"No",'R3 rest'!$H:$H,"<>"),"") | C13: =IFERROR(COUNTIFS('R3 rest'!$B:$B,"raise",'R3 rest'!$I:$I,"Yes",'R3 rest'!$J:$J,"No",'R3 rest'!$H:$H,"Yes")/COUNTIFS('R3 rest'!$B:$B,"raise",'R3 rest'!$I:$I,"Yes",'R3 rest'!$J:$J,"No",'R3 rest'!$H:$H,"<>"),"") | D13: =IFERROR(COUNTIFS('R3 rest'!$B:$B,"press",'R3 rest'!$I:$I,"Yes",'R3 rest'!$J:$J,"No",'R3 rest'!$H:$H,"Yes")/COUNTIFS('R3 rest'!$B:$B,"press",'R3 rest'!$I:$I,"Yes",'R3 rest'!$J:$J,"No",'R3 rest'!$H:$H,"<>"),"")
A14: R3 · PASS (≥ 20 rests, ≥ 90% within ±5 s) | B14: =IF(B12=0,"—",IF(AND(B12>=20,B13>=0.9),"PASS","FAIL")) -> — | C14: =IF(C12=0,"—",IF(AND(C12>=20,C13>=0.9),"PASS","FAIL")) -> — | D14: =IF(D12=0,"—",IF(AND(D12>=20,D13>=0.9),"PASS","FAIL")) -> —
A15: R2 · noise sets scored | B15: =COUNTIFS('R2 noise'!$B:$B,"curl",'R2 noise'!$J:$J,"Yes",'R2 noise'!$I:$I,"<>") -> 0 | C15: =COUNTIFS('R2 noise'!$B:$B,"raise",'R2 noise'!$J:$J,"Yes",'R2 noise'!$I:$I,"<>") -> 0 | D15: =COUNTIFS('R2 noise'!$B:$B,"press",'R2 noise'!$J:$J,"Yes",'R2 noise'!$I:$I,"<>") -> 0
A16: R2 · noise sets failed (need 0) | B16: =COUNTIFS('R2 noise'!$B:$B,"curl",'R2 noise'!$J:$J,"Yes",'R2 noise'!$I:$I,"No") -> 0 | C16: =COUNTIFS('R2 noise'!$B:$B,"raise",'R2 noise'!$J:$J,"Yes",'R2 noise'!$I:$I,"No") -> 0 | D16: =COUNTIFS('R2 noise'!$B:$B,"press",'R2 noise'!$J:$J,"Yes",'R2 noise'!$I:$I,"No") -> 0
A17: R2 · PASS (≥ 20 sets, none failed) | B17: =IF(B15=0,"—",IF(AND(B15>=20,B16=0),"PASS","FAIL")) -> — | C17: =IF(C15=0,"—",IF(AND(C15>=20,C16=0),"PASS","FAIL")) -> — | D17: =IF(D15=0,"—",IF(AND(D15>=20,D16=0),"PASS","FAIL")) -> —
A18: R6a · % of reps within ±0.5 s (need ≥ 90%) | B18: =IFERROR(COUNTIFS('R6 reps'!$C:$C,"curl",'R6 reps'!$L:$L,"Yes",'R6 reps'!$K:$K,"No",'R6 reps'!$H:$H,"Yes")/COUNTIFS('R6 reps'!$C:$C,"curl",'R6 reps'!$L:$L,"Yes",'R6 reps'!$K:$K,"No",'R6 reps'!$D:$D,"<>partial",'R6 reps'!$E:$E,"<>"),"") | C18: =IFERROR(COUNTIFS('R6 reps'!$C:$C,"raise",'R6 reps'!$L:$L,"Yes",'R6 reps'!$K:$K,"No",'R6 reps'!$H:$H,"Yes")/COUNTIFS('R6 reps'!$C:$C,"raise",'R6 reps'!$L:$L,"Yes",'R6 reps'!$K:$K,"No",'R6 reps'!$D:$D,"<>partial",'R6 reps'!$E:$E,"<>"),"") | D18: =IFERROR(COUNTIFS('R6 reps'!$C:$C,"press",'R6 reps'!$L:$L,"Yes",'R6 reps'!$K:$K,"No",'R6 reps'!$H:$H,"Yes")/COUNTIFS('R6 reps'!$C:$C,"press",'R6 reps'!$L:$L,"Yes",'R6 reps'!$K:$K,"No",'R6 reps'!$D:$D,"<>partial",'R6 reps'!$E:$E,"<>"),"")
A19: R6b · % of video partials logged as partials (need ≥ 90%) | B19: =IFERROR(COUNTIFS('R6 reps'!$C:$C,"curl",'R6 reps'!$L:$L,"Yes",'R6 reps'!$K:$K,"No",'R6 reps'!$D:$D,"partial",'R6 reps'!$I:$I,"Yes")/COUNTIFS('R6 reps'!$C:$C,"curl",'R6 reps'!$L:$L,"Yes",'R6 reps'!$K:$K,"No",'R6 reps'!$D:$D,"partial",'R6 reps'!$I:$I,"<>"),"") | C19: =IFERROR(COUNTIFS('R6 reps'!$C:$C,"raise",'R6 reps'!$L:$L,"Yes",'R6 reps'!$K:$K,"No",'R6 reps'!$D:$D,"partial",'R6 reps'!$I:$I,"Yes")/COUNTIFS('R6 reps'!$C:$C,"raise",'R6 reps'!$L:$L,"Yes",'R6 reps'!$K:$K,"No",'R6 reps'!$D:$D,"partial",'R6 reps'!$I:$I,"<>"),"") | D19: =IFERROR(COUNTIFS('R6 reps'!$C:$C,"press",'R6 reps'!$L:$L,"Yes",'R6 reps'!$K:$K,"No",'R6 reps'!$D:$D,"partial",'R6 reps'!$I:$I,"Yes")/COUNTIFS('R6 reps'!$C:$C,"press",'R6 reps'!$L:$L,"Yes",'R6 reps'!$K:$K,"No",'R6 reps'!$D:$D,"partial",'R6 reps'!$I:$I,"<>"),"")
A20: R6b · % of full reps logged as partials (need ≤ 10%) | B20: =IFERROR(COUNTIFS('R6 reps'!$C:$C,"curl",'R6 reps'!$L:$L,"Yes",'R6 reps'!$K:$K,"No",'R6 reps'!$D:$D,"<>partial",'R6 reps'!$I:$I,"Yes")/COUNTIFS('R6 reps'!$C:$C,"curl",'R6 reps'!$L:$L,"Yes",'R6 reps'!$K:$K,"No",'R6 reps'!$D:$D,"<>partial",'R6 reps'!$I:$I,"<>"),"") | C20: =IFERROR(COUNTIFS('R6 reps'!$C:$C,"raise",'R6 reps'!$L:$L,"Yes",'R6 reps'!$K:$K,"No",'R6 reps'!$D:$D,"<>partial",'R6 reps'!$I:$I,"Yes")/COUNTIFS('R6 reps'!$C:$C,"raise",'R6 reps'!$L:$L,"Yes",'R6 reps'!$K:$K,"No",'R6 reps'!$D:$D,"<>partial",'R6 reps'!$I:$I,"<>"),"") | D20: =IFERROR(COUNTIFS('R6 reps'!$C:$C,"press",'R6 reps'!$L:$L,"Yes",'R6 reps'!$K:$K,"No",'R6 reps'!$D:$D,"<>partial",'R6 reps'!$I:$I,"Yes")/COUNTIFS('R6 reps'!$C:$C,"press",'R6 reps'!$L:$L,"Yes",'R6 reps'!$K:$K,"No",'R6 reps'!$D:$D,"<>partial",'R6 reps'!$I:$I,"<>"),"")
A21: R6c · % of momentum reps flagged (need ≥ 80%) | B21: =IFERROR(COUNTIFS('R6 reps'!$C:$C,"curl",'R6 reps'!$L:$L,"Yes",'R6 reps'!$K:$K,"No",'R6 reps'!$D:$D,"momentum",'R6 reps'!$M:$M,"Yes")/COUNTIFS('R6 reps'!$C:$C,"curl",'R6 reps'!$L:$L,"Yes",'R6 reps'!$K:$K,"No",'R6 reps'!$D:$D,"momentum",'R6 reps'!$M:$M,"<>"),"") | C21: =IFERROR(COUNTIFS('R6 reps'!$C:$C,"raise",'R6 reps'!$L:$L,"Yes",'R6 reps'!$K:$K,"No",'R6 reps'!$D:$D,"momentum",'R6 reps'!$M:$M,"Yes")/COUNTIFS('R6 reps'!$C:$C,"raise",'R6 reps'!$L:$L,"Yes",'R6 reps'!$K:$K,"No",'R6 reps'!$D:$D,"momentum",'R6 reps'!$M:$M,"<>"),"") | D21: =IFERROR(COUNTIFS('R6 reps'!$C:$C,"press",'R6 reps'!$L:$L,"Yes",'R6 reps'!$K:$K,"No",'R6 reps'!$D:$D,"momentum",'R6 reps'!$M:$M,"Yes")/COUNTIFS('R6 reps'!$C:$C,"press",'R6 reps'!$L:$L,"Yes",'R6 reps'!$K:$K,"No",'R6 reps'!$D:$D,"momentum",'R6 reps'!$M:$M,"<>"),"")
A22: R6c · % of clean reps flagged as momentum (need ≤ 10%) | B22: =IFERROR(COUNTIFS('R6 reps'!$C:$C,"curl",'R6 reps'!$L:$L,"Yes",'R6 reps'!$K:$K,"No",'R6 reps'!$D:$D,"clean",'R6 reps'!$M:$M,"Yes")/COUNTIFS('R6 reps'!$C:$C,"curl",'R6 reps'!$L:$L,"Yes",'R6 reps'!$K:$K,"No",'R6 reps'!$D:$D,"clean",'R6 reps'!$M:$M,"<>"),"") | C22: =IFERROR(COUNTIFS('R6 reps'!$C:$C,"raise",'R6 reps'!$L:$L,"Yes",'R6 reps'!$K:$K,"No",'R6 reps'!$D:$D,"clean",'R6 reps'!$M:$M,"Yes")/COUNTIFS('R6 reps'!$C:$C,"raise",'R6 reps'!$L:$L,"Yes",'R6 reps'!$K:$K,"No",'R6 reps'!$D:$D,"clean",'R6 reps'!$M:$M,"<>"),"") | D22: =IFERROR(COUNTIFS('R6 reps'!$C:$C,"press",'R6 reps'!$L:$L,"Yes",'R6 reps'!$K:$K,"No",'R6 reps'!$D:$D,"clean",'R6 reps'!$M:$M,"Yes")/COUNTIFS('R6 reps'!$C:$C,"press",'R6 reps'!$L:$L,"Yes",'R6 reps'!$K:$K,"No",'R6 reps'!$D:$D,"clean",'R6 reps'!$M:$M,"<>"),"")
A24: Partials are not counted as reps. For the press, R6c momentum means a rebound off the chest. R5 and R7 are pass/fail checks recorded in the Project Log.

Sheet How to use
A1: How to use this test log
A3: • Fill in only the light-orange cells. Row 2 of each tab (grey) is an example with Held-out = Example; it is never scored.
A4: • White cells are formulas. Do not type over them.
A5: • One row per set (R1 sets), per rest period (R3 rest), per noise recording (R2 noise) and per rep (R6 reps).
A6: • Count reps on the video BEFORE looking at Spot's count, and type the video count first.
A7: • Held-out? = Yes only for sets recorded after the counter was frozen (Git tag). Everything earlier is tuning data: mark it No.
A8: • R1 sets: Difference = Spot count − video count. Watch count is only for R4; leave it blank otherwise.
A9: • R3 rest: rest boundaries come from the video's counted reps, not Spot's. Mark Excluded? = Yes for any rest over 5 minutes, decided before scoring.
A10: • R2 noise: Pass needs Spot count = 0 and Started a set? = No.
A11: • R6 reps: one row per movement (full rep or partial). Video label is clean, momentum or partial, judged on video before looking at Spot's data. Rep duration (R6a) is scored on full reps only. Mark Excluded? = Yes for a rep the video shows did not follow its set type, decided before scoring.
A12: • R1 sets: the video count is full reps only (momentum reps included). Partials go in the Video partials column.
A13: • The Summary tab applies the pass rules from Spot — Requirements v1.0.
A15: File name rule (see data/README.md): <exercise>_<hand>_<speed>_<form>_<NN>reps_<YYYYMMDD>_<HHMM>.csv, for example curl_R_normal_mixed_08reps_20261102_1405.csv

Sheet R1 sets
A1: Set ID | B1: Date | C1: File name | D1: Exercise | E1: Speed | F1: Form | G1: Planned reps | H1: Video count (full reps) | I1: Spot count | J1: Difference (Spot − video) | K1: Within ±1 | L1: Within ±2 | M1: Held-out? | N1: Watch count (R4) | O1: Watch error | P1: Spot error | Q1: Hand | R1: Video partials | S1: Spot partials | T1: Notes
A2: EXAMPLE | B2: 2026-11-02 | C2: curl_R_normal_mixed_08reps_20261102_1405.csv | D2: curl | E2: normal | F2: mixed | G2: 8 | H2: 8 | I2: 9 | J2: =IF(OR(H2="",I2=""),"",I2-H2) -> 1 | K2: =IF(J2="","",IF(ABS(J2)<=1,"Yes","No")) -> Yes | L2: =IF(J2="","",IF(ABS(J2)<=2,"Yes","No")) -> Yes | M2: Example | N2: 7 | O2: =IF(OR(H2="",N2=""),"",ABS(N2-H2)) -> 1 | P2: =IF(J2="","",ABS(J2)) -> 1 | Q2: R | R2: 3 | S2: 3 | T2: Example row, not scored
J3: =IF(OR(H3="",I3=""),"",I3-H3) | K3: =IF(J3="","",IF(ABS(J3)<=1,"Yes","No")) | L3: =IF(J3="","",IF(ABS(J3)<=2,"Yes","No")) | O3: =IF(OR(H3="",N3=""),"",ABS(N3-H3)) | P3: =IF(J3="","",ABS(J3))
J4: =IF(OR(H4="",I4=""),"",I4-H4) | K4: =IF(J4="","",IF(ABS(J4)<=1,"Yes","No")) | L4: =IF(J4="","",IF(ABS(J4)<=2,"Yes","No")) | O4: =IF(OR(H4="",N4=""),"",ABS(N4-H4)) | P4: =IF(J4="","",ABS(J4))
J5: =IF(OR(H5="",I5=""),"",I5-H5) | K5: =IF(J5="","",IF(ABS(J5)<=1,"Yes","No")) | L5: =IF(J5="","",IF(ABS(J5)<=2,"Yes","No")) | O5: =IF(OR(H5="",N5=""),"",ABS(N5-H5)) | P5: =IF(J5="","",ABS(J5))
J6: =IF(OR(H6="",I6=""),"",I6-H6) | K6: =IF(J6="","",IF(ABS(J6)<=1,"Yes","No")) | L6: =IF(J6="","",IF(ABS(J6)<=2,"Yes","No")) | O6: =IF(OR(H6="",N6=""),"",ABS(N6-H6)) | P6: =IF(J6="","",ABS(J6))
J7: =IF(OR(H7="",I7=""),"",I7-H7) | K7: =IF(J7="","",IF(ABS(J7)<=1,"Yes","No")) | L7: =IF(J7="","",IF(ABS(J7)<=2,"Yes","No")) | O7: =IF(OR(H7="",N7=""),"",ABS(N7-H7)) | P7: =IF(J7="","",ABS(J7))
J8: =IF(OR(H8="",I8=""),"",I8-H8) | K8: =IF(J8="","",IF(ABS(J8)<=1,"Yes","No")) | L8: =IF(J8="","",IF(ABS(J8)<=2,"Yes","No")) | O8: =IF(OR(H8="",N8=""),"",ABS(N8-H8)) | P8: =IF(J8="","",ABS(J8))
J9: =IF(OR(H9="",I9=""),"",I9-H9) | K9: =IF(J9="","",IF(ABS(J9)<=1,"Yes","No")) | L9: =IF(J9="","",IF(ABS(J9)<=2,"Yes","No")) | O9: =IF(OR(H9="",N9=""),"",ABS(N9-H9)) | P9: =IF(J9="","",ABS(J9))
J10: =IF(OR(H10="",I10=""),"",I10-H10) | K10: =IF(J10="","",IF(ABS(J10)<=1,"Yes","No")) | L10: =IF(J10="","",IF(ABS(J10)<=2,"Yes","No")) | O10: =IF(OR(H10="",N10=""),"",ABS(N10-H10)) | P10: =IF(J10="","",ABS(J10))
J11: =IF(OR(H11="",I11=""),"",I11-H11) | K11: =IF(J11="","",IF(ABS(J11)<=1,"Yes","No")) | L11: =IF(J11="","",IF(ABS(J11)<=2,"Yes","No")) | O11: =IF(OR(H11="",N11=""),"",ABS(N11-H11)) | P11: =IF(J11="","",ABS(J11))
J12: =IF(OR(H12="",I12=""),"",I12-H12) | K12: =IF(J12="","",IF(ABS(J12)<=1,"Yes","No")) | L12: =IF(J12="","",IF(ABS(J12)<=2,"Yes","No")) | O12: =IF(OR(H12="",N12=""),"",ABS(N12-H12)) | P12: =IF(J12="","",ABS(J12))
J13: =IF(OR(H13="",I13=""),"",I13-H13) | K13: =IF(J13="","",IF(ABS(J13)<=1,"Yes","No")) | L13: =IF(J13="","",IF(ABS(J13)<=2,"Yes","No")) | O13: =IF(OR(H13="",N13=""),"",ABS(N13-H13)) | P13: =IF(J13="","",ABS(J13))
J14: =IF(OR(H14="",I14=""),"",I14-H14) | K14: =IF(J14="","",IF(ABS(J14)<=1,"Yes","No")) | L14: =IF(J14="","",IF(ABS(J14)<=2,"Yes","No")) | O14: =IF(OR(H14="",N14=""),"",ABS(N14-H14)) | P14: =IF(J14="","",ABS(J14))
... J201: =IF(OR(H201="",I201=""),"",I201-H201) | K201: =IF(J201="","",IF(ABS(J201)<=1,"Yes","No")) | L201: =IF(J201="","",IF(ABS(J201)<=2,"Yes","No")) | O201: =IF(OR(H201="",N201=""),"",ABS(N201-H201)) | P201: =IF(J201="","",ABS(J201))

Sheet R3 rest
A1: Rest ID | B1: Exercise | C1: Set before (ID) | D1: Set after (ID) | E1: Video rest (s) | F1: Spot rest (s) | G1: Difference (s) | H1: Within ±5 s | I1: Held-out? | J1: Excluded? | K1: Notes
A2: EXAMPLE | B2: curl | C2: C-01 | D2: C-02 | E2: 92.4 | F2: 95.1 | G2: =IF(OR(E2="",F2=""),"",F2-E2) -> 2.7 | H2: =IF(G2="","",IF(ABS(G2)<=5,"Yes","No")) -> Yes | I2: Example | J2: No | K2: Example row, not scored
G3: =IF(OR(E3="",F3=""),"",F3-E3) | H3: =IF(G3="","",IF(ABS(G3)<=5,"Yes","No"))
G4: =IF(OR(E4="",F4=""),"",F4-E4) | H4: =IF(G4="","",IF(ABS(G4)<=5,"Yes","No"))
G5: =IF(OR(E5="",F5=""),"",F5-E5) | H5: =IF(G5="","",IF(ABS(G5)<=5,"Yes","No"))
G6: =IF(OR(E6="",F6=""),"",F6-E6) | H6: =IF(G6="","",IF(ABS(G6)<=5,"Yes","No"))
G7: =IF(OR(E7="",F7=""),"",F7-E7) | H7: =IF(G7="","",IF(ABS(G7)<=5,"Yes","No"))
G8: =IF(OR(E8="",F8=""),"",F8-E8) | H8: =IF(G8="","",IF(ABS(G8)<=5,"Yes","No"))
G9: =IF(OR(E9="",F9=""),"",F9-E9) | H9: =IF(G9="","",IF(ABS(G9)<=5,"Yes","No"))
G10: =IF(OR(E10="",F10=""),"",F10-E10) | H10: =IF(G10="","",IF(ABS(G10)<=5,"Yes","No"))
G11: =IF(OR(E11="",F11=""),"",F11-E11) | H11: =IF(G11="","",IF(ABS(G11)<=5,"Yes","No"))
G12: =IF(OR(E12="",F12=""),"",F12-E12) | H12: =IF(G12="","",IF(ABS(G12)<=5,"Yes","No"))
G13: =IF(OR(E13="",F13=""),"",F13-E13) | H13: =IF(G13="","",IF(ABS(G13)<=5,"Yes","No"))
G14: =IF(OR(E14="",F14=""),"",F14-E14) | H14: =IF(G14="","",IF(ABS(G14)<=5,"Yes","No"))
... G201: =IF(OR(E201="",F201=""),"",F201-E201) | H201: =IF(G201="","",IF(ABS(G201)<=5,"Yes","No"))

Sheet R2 noise
A1: Noise ID | B1: Mode | C1: File name | D1: Noise types | E1: Between real sets? | F1: Length (s) | G1: Spot count | H1: Started a set? | I1: Pass | J1: Held-out? | K1: Notes
A2: EXAMPLE | B2: curl | C2: curl_noise_pickup-carry_20261102_1420.csv | D2: pick up, carry | E2: No | F2: 45 | G2: 0 | H2: No | I2: =IF(OR(G2="",H2=""),"",IF(AND(G2=0,H2="No"),"Yes","No")) -> Yes | J2: Example | K2: Example row, not scored
I3: =IF(OR(G3="",H3=""),"",IF(AND(G3=0,H3="No"),"Yes","No"))
I4: =IF(OR(G4="",H4=""),"",IF(AND(G4=0,H4="No"),"Yes","No"))
I5: =IF(OR(G5="",H5=""),"",IF(AND(G5=0,H5="No"),"Yes","No"))
I6: =IF(OR(G6="",H6=""),"",IF(AND(G6=0,H6="No"),"Yes","No"))
I7: =IF(OR(G7="",H7=""),"",IF(AND(G7=0,H7="No"),"Yes","No"))
I8: =IF(OR(G8="",H8=""),"",IF(AND(G8=0,H8="No"),"Yes","No"))
I9: =IF(OR(G9="",H9=""),"",IF(AND(G9=0,H9="No"),"Yes","No"))
I10: =IF(OR(G10="",H10=""),"",IF(AND(G10=0,H10="No"),"Yes","No"))
I11: =IF(OR(G11="",H11=""),"",IF(AND(G11=0,H11="No"),"Yes","No"))
I12: =IF(OR(G12="",H12=""),"",IF(AND(G12=0,H12="No"),"Yes","No"))
I13: =IF(OR(G13="",H13=""),"",IF(AND(G13=0,H13="No"),"Yes","No"))
I14: =IF(OR(G14="",H14=""),"",IF(AND(G14=0,H14="No"),"Yes","No"))
... I201: =IF(OR(G201="",H201=""),"",IF(AND(G201=0,H201="No"),"Yes","No"))

Sheet R6 reps
A1: Set ID | B1: Movement # | C1: Exercise | D1: Video label | E1: Video duration (s) | F1: Spot duration (s) | G1: Difference (s) | H1: Within ±0.5 s | I1: Spot logged as partial | J1: LED cue correct? | K1: Excluded? | L1: Held-out? | M1: Spot momentum flag | N1: Notes
A2: EXAMPLE | B2: 1 | C2: curl | D2: momentum | E2: 2.1 | F2: 2.32 | G2: =IF(OR(E2="",F2=""),"",F2-E2) -> 0.22 | H2: =IF(OR(E2="",D2="partial"),"",IF(F2="","No (missed)",IF(ABS(G2)<=0.5,"Yes","No"))) -> Yes | I2: No | K2: No | L2: Example | M2: Yes | N2: Example row, not scored
G3: =IF(OR(E3="",F3=""),"",F3-E3) | H3: =IF(OR(E3="",D3="partial"),"",IF(F3="","No (missed)",IF(ABS(G3)<=0.5,"Yes","No")))
G4: =IF(OR(E4="",F4=""),"",F4-E4) | H4: =IF(OR(E4="",D4="partial"),"",IF(F4="","No (missed)",IF(ABS(G4)<=0.5,"Yes","No")))
G5: =IF(OR(E5="",F5=""),"",F5-E5) | H5: =IF(OR(E5="",D5="partial"),"",IF(F5="","No (missed)",IF(ABS(G5)<=0.5,"Yes","No")))
G6: =IF(OR(E6="",F6=""),"",F6-E6) | H6: =IF(OR(E6="",D6="partial"),"",IF(F6="","No (missed)",IF(ABS(G6)<=0.5,"Yes","No")))
G7: =IF(OR(E7="",F7=""),"",F7-E7) | H7: =IF(OR(E7="",D7="partial"),"",IF(F7="","No (missed)",IF(ABS(G7)<=0.5,"Yes","No")))
G8: =IF(OR(E8="",F8=""),"",F8-E8) | H8: =IF(OR(E8="",D8="partial"),"",IF(F8="","No (missed)",IF(ABS(G8)<=0.5,"Yes","No")))
G9: =IF(OR(E9="",F9=""),"",F9-E9) | H9: =IF(OR(E9="",D9="partial"),"",IF(F9="","No (missed)",IF(ABS(G9)<=0.5,"Yes","No")))
G10: =IF(OR(E10="",F10=""),"",F10-E10) | H10: =IF(OR(E10="",D10="partial"),"",IF(F10="","No (missed)",IF(ABS(G10)<=0.5,"Yes","No")))
G11: =IF(OR(E11="",F11=""),"",F11-E11) | H11: =IF(OR(E11="",D11="partial"),"",IF(F11="","No (missed)",IF(ABS(G11)<=0.5,"Yes","No")))
G12: =IF(OR(E12="",F12=""),"",F12-E12) | H12: =IF(OR(E12="",D12="partial"),"",IF(F12="","No (missed)",IF(ABS(G12)<=0.5,"Yes","No")))
G13: =IF(OR(E13="",F13=""),"",F13-E13) | H13: =IF(OR(E13="",D13="partial"),"",IF(F13="","No (missed)",IF(ABS(G13)<=0.5,"Yes","No")))
G14: =IF(OR(E14="",F14=""),"",F14-E14) | H14: =IF(OR(E14="",D14="partial"),"",IF(F14="","No (missed)",IF(ABS(G14)<=0.5,"Yes","No")))
... G201: =IF(OR(E201="",F201=""),"",F201-E201) | H201: =IF(OR(E201="",D201="partial"),"",IF(F201="","No (missed)",IF(ABS(G201)<=0.5,"Yes","No")))
